,index,Country Name,Country Code,Indicator Name,Indicator Code,1960,1961,1962,1963,1964,1965,1966,1967,1968,1969,1970,1971,1972,1973,1974,1975,1976,1977,1978,1979,1980,1981,1982,1983,1984,1985,1986,1987,1988,1989,1990,1991,1992,1993,1994,1995,1996,1997,1998,1999,2000,2001,2002,2003,2004,2005,2006,2007,2008,2009,2010,2011,2012,2013,2014,2015,2016,2017,2018,2019,2020,2021,2022
0,81716,Antigua and Barbuda,ATG,"Fertility rate, total (births per woman)",SP.DYN.TFRT.IN,4.602,4.559,4.547,4.536,4.484,4.416,4.322,4.178,4.014,3.829,3.628,3.455,3.287,3.126,2.932,2.77,2.78,2.784,2.573,2.632,2.311,2.166,2.087,2.116,2.038,2.151,2.032,2.067,2.132,2.199,2.249,2.036,2.126,2.036,2.069,2.159,2.266,2.19,2.017,1.956,2.196,2.018,1.94,1.887,1.852,1.832,1.831,1.86,2.042,2.006,1.785,1.746,1.655,1.537,1.526,1.567,1.458,1.485,1.371,1.468,1.569,1.58,1.58
4,81999,Antigua and Barbuda,ATG,"Life expectancy at birth, total (years)",SP.DYN.LE00.IN,61.55,62.363,63.192,64.101,65.058,66.026,66.956,67.859,68.671,69.535,70.058,70.683,71.016,71.349,71.747,71.977,72.359,72.546,72.871,73.035,73.183,73.338,73.458,73.471,73.524,73.566,73.556,73.554,73.53,73.416,73.492,73.435,73.417,73.482,73.591,73.636,73.829,73.96,74.041,74.347,74.606,75.078,75.536,75.478,75.672,75.825,75.765,76.131,76.41,76.669,76.82,77.104,77.35,77.583,77.858,77.913,78.152,78.268,78.511,78.691,78.841,78.497,78.497
6,82098,Antigua and Barbuda,ATG,"Mortality rate, under-5 (per 1,000 live births)",SH.DYN.MORT,86.3,80.4,74.0,67.4,60.8,54.5,48.6,43.3,38.8,34.9,31.7,29.0,26.8,25.0,23.5,22.1,20.8,19.5,18.3,17.3,16.3,15.5,14.8,14.3,14.0,13.7,13.6,13.6,13.7,13.8,14.1,14.4,14.7,15.1,15.5,15.7,16.0,16.1,16.0,15.8,15.5,15.1,14.7,14.1,13.5,12.9,12.3,11.7,11.2,10.6,10.1,9.5,9.0,8.6,8.1,7.7,7.4,7.1,6.8,6.6,6.4,6.1,6.1
8,83194,Argentina,ARG,"Fertility rate, total (births per woman)",SP.DYN.TFRT.IN,3.075,3.069,3.106,3.101,3.08,3.062,3.048,3.039,3.027,3.052,3.088,3.108,3.146,3.198,3.251,3.301,3.339,3.359,3.359,3.339,3.301,3.253,3.204,3.159,3.123,3.095,3.075,3.059,3.042,3.022,3.034,3.012,2.987,2.966,2.935,2.864,2.781,2.706,2.662,2.643,2.591,2.531,2.493,2.451,2.43,2.426,2.4,2.37,2.341,2.344,2.346,2.338,2.33,2.322,2.312,2.301,2.241,2.168,2.039,1.994,1.911,1.885,1.885
9,83275,Argentina,ARG,"GNI per capita, Atlas method (current US$)",NY.GNP.PCAP.CD,,,,,1130.0,1240.0,1360.0,1240.0,1220.0,1300.0,1320.0,1480.0,1470.0,1820.0,2470.0,2720.0,2350.0,2210.0,2180.0,2610.0,2900.0,2800.0,2660.0,2860.0,2820.0,2700.0,3020.0,3580.0,3950.0,2930.0,3180.0,3860.0,6060.0,7110.0,7600.0,7340.0,7700.0,8110.0,7990.0,7540.0,7430.0,6960.0,4020.0,3640.0,3360.0,4240.0,5460.0,6480.0,7630.0,7760.0,9270.0,10710.0,11890.0,12870.0,12350.0,12600.0,12220.0,13140.0,12430.0,11220.0,9010.0,9960.0,9960.0
12,83477,Argentina,ARG,"Life expectancy at birth, total (years)",SP.DYN.LE00.IN,63.978,64.36,64.244,64.449,64.363,64.593,64.891,64.992,64.89,64.859,65.589,65.541,65.923,66.323,66.563,67.081,67.228,67.861,68.197,68.491,68.564,68.976,68.937,69.267,69.195,69.651,70.119,70.564,71.052,71.425,71.784,72.319,72.43,72.565,73.172,73.133,73.307,73.09,73.474,73.722,73.926,74.186,74.408,74.08,74.855,75.139,75.433,75.006,75.641,75.936,75.721,76.124,76.467,76.491,76.755,76.76,76.308,76.833,76.999,77.284,75.892,75.39,75.39
14,83576,Argentina,ARG,"Mortality rate, under-5 (per 1,000 live births)",SH.DYN.MORT,,,,,,,,,,72.4,71.7,70.9,69.7,68.2,66.2,63.4,59.9,55.7,51.2,46.8,42.9,39.4,36.5,34.1,32.1,30.6,29.6,29.1,29.0,28.9,28.8,28.3,27.6,26.5,25.4,24.3,23.2,22.2,21.3,20.4,19.7,19.0,18.3,17.7,17.1,16.6,16.1,15.7,15.4,15.0,14.5,13.9,13.3,12.7,12.2,11.6,11.0,10.3,9.5,8.6,7.7,6.9,6.9
16,92062,"Bahamas, The",BHS,"Fertility rate, total (births per woman)",SP.DYN.TFRT.IN,4.818,4.866,4.799,4.729,4.639,4.542,4.438,4.368,4.28,4.182,4.069,3.974,3.89,3.74,3.526,3.259,3.221,3.17,3.063,2.983,2.901,2.853,2.802,2.737,2.685,2.63,2.587,2.529,2.478,2.484,2.527,2.604,2.793,2.728,2.482,2.504,2.36,2.399,2.335,2.133,2.097,2.088,1.998,1.921,1.932,2.05,1.786,1.852,1.99,2.009,1.835,1.739,1.744,1.51,1.673,1.576,1.496,1.426,1.412,1.398,1.394,1.389,1.389
17,92143,"Bahamas, The",BHS,"GNI per capita, Atlas method (current US$)",NY.GNP.PCAP.CD,,,1490.0,1590.0,1700.0,1840.0,1980.0,2150.0,2350.0,2630.0,2760.0,2940.0,3000.0,3510.0,3590.0,4340.0,2920.0,3150.0,3490.0,4880.0,5700.0,5470.0,6030.0,6320.0,7340.0,8120.0,8960.0,10270.0,11130.0,11790.0,11230.0,10710.0,10900.0,10640.0,10880.0,13340.0,14840.0,14070.0,15490.0,22170.0,24170.0,24390.0,25040.0,25680.0,27200.0,28560.0,28870.0,29330.0,29270.0,27530.0,26900.0,26540.0,27200.0,26280.0,26840.0,27450.0,27610.0,29260.0,29810.0,31210.0,23500.0,26490.0,26490.0
20,92345,"Bahamas, The",BHS,"Life expectancy at birth, total (years)",SP.DYN.LE00.IN,62.896,63.185,63.433,63.732,64.05,64.362,64.659,64.948,65.328,65.646,65.926,66.151,66.413,66.488,67.001,67.221,67.84,67.88,67.562,67.366,67.521,67.746,68.436,69.161,69.351,69.257,69.285,68.924,69.215,69.598,70.133,69.616,70.668,70.656,70.851,70.763,70.71,71.054,71.456,71.771,72.041,72.11,72.232,72.402,72.478,72.765,72.855,72.678,72.667,72.579,72.731,72.564,72.753,73.024,73.366,73.104,73.537,73.632,73.806,71.205,72.677,71.598,71.598
22,92444,"Bahamas, The",BHS,"Mortality rate, under-5 (per 1,000 live births)",SH.DYN.MORT,,,,,,,,,29.4,29.9,30.4,30.9,31.3,31.5,31.6,31.5,31.2,30.8,30.4,29.9,29.4,29.0,28.6,28.3,28.1,27.8,27.3,26.6,25.6,24.6,23.5,22.4,21.4,20.4,19.4,18.5,17.7,17.0,16.6,16.3,16.3,16.4,16.6,16.8,16.9,16.9,16.8,16.5,16.2,15.8,15.4,15.1,14.7,14.4,14.1,13.9,13.8,13.6,13.5,23.4,13.3,13.2,13.2
24,96496,Barbados,BRB,"Fertility rate, total (births per woman)",SP.DYN.TFRT.IN,4.333,4.313,4.269,4.196,4.094,3.963,3.807,3.637,3.46,3.284,3.113,2.949,2.794,2.648,2.513,2.393,2.288,2.198,2.121,2.057,2.004,1.96,1.922,1.889,1.858,1.83,1.805,1.782,1.765,1.75,1.74,1.733,1.728,1.725,1.725,1.727,1.732,1.74,1.75,1.762,1.775,1.785,1.793,1.797,1.795,1.788,1.775,1.757,1.735,1.711,1.687,1.665,1.645,1.63,1.62,1.614,1.613,1.615,1.619,1.623,1.628,1.633,1.633
28,96779,Barbados,BRB,"Life expectancy at birth, total (years)",SP.DYN.LE00.IN,64.564,65.318,65.897,66.487,67.02,67.376,67.805,67.944,68.114,68.44,68.272,68.598,68.929,69.167,69.519,69.921,70.208,70.719,71.122,71.526,71.921,72.12,72.297,72.537,72.596,72.495,72.568,72.675,72.652,72.74,72.752,72.843,72.915,73.19,73.211,73.298,73.546,73.547,73.728,74.039,74.089,74.247,74.366,74.472,74.727,74.89,75.068,75.342,75.447,75.678,75.712,75.917,76.099,76.275,76.476,76.65,76.815,76.936,77.067,77.257,77.393,77.571,77.571
30,96878,Barbados,BRB,"Mortality rate, under-5 (per 1,000 live births)",SH.DYN.MORT,84.5,78.4,73.2,68.7,64.6,61.1,58.0,55.3,52.8,50.3,47.9,45.5,43.1,40.8,38.6,36.4,34.3,32.3,30.4,28.6,26.9,25.5,24.4,23.4,22.6,21.9,21.2,20.4,19.7,18.9,18.1,17.4,16.7,16.0,15.5,15.2,14.9,14.8,14.8,15.0,15.2,15.4,15.6,15.7,15.8,15.7,15.6,15.5,15.3,15.1,15.0,14.9,14.7,14.6,14.4,14.1,13.8,13.4,13.0,12.7,12.3,11.9,11.9
32,100930,Belize,BLZ,"Fertility rate, total (births per woman)",SP.DYN.TFRT.IN,6.5,6.48,6.46,6.44,6.42,6.4,6.379,6.358,6.337,6.316,6.299,6.288,6.284,6.285,6.287,6.278,6.25,6.195,6.109,5.992,5.849,5.684,5.597,5.393,5.187,5.02,4.922,4.82,4.783,4.762,4.698,4.483,4.348,4.198,3.999,3.948,3.852,3.854,3.785,3.714,3.634,3.554,3.465,3.321,3.207,3.129,2.982,2.874,2.799,2.701,2.606,2.585,2.555,2.53,2.491,2.438,2.394,2.36,2.345,2.106,1.999,2.01,2.01
33,101011,Belize,BLZ,"GNI per capita, Atlas method (current US$)",NY.GNP.PCAP.CD,,,330.0,340.0,350.0,370.0,400.0,420.0,420.0,420.0,430.0,460.0,530.0,610.0,740.0,860.0,810.0,860.0,930.0,1120.0,1410.0,1420.0,1280.0,1150.0,1170.0,1210.0,1370.0,1640.0,1920.0,2130.0,2550.0,3020.0,3690.0,3840.0,3810.0,3900.0,3910.0,3930.0,3830.0,3990.0,4400.0,4400.0,4490.0,4760.0,4940.0,4990.0,5110.0,5150.0,5120.0,5230.0,5000.0,5090.0,5250.0,5510.0,5610.0,5770.0,5650.0,5520.0,5660.0,5890.0,5210.0,6070.0,6070.0
36,101213,Belize,BLZ,"Life expectancy at birth, total (years)",SP.DYN.LE00.IN,58.163,53.356,59.0,59.569,60.057,60.629,60.963,61.5,62.192,62.77,63.468,64.204,64.453,64.622,65.03,65.942,66.268,66.518,66.885,67.399,67.756,68.068,67.955,68.14,68.64,69.462,69.704,70.198,70.781,70.724,70.744,70.248,69.979,69.988,70.316,69.887,69.806,69.212,68.599,68.773,68.564,68.357,68.752,68.909,69.227,69.376,70.093,70.655,71.151,71.819,72.272,72.651,73.245,73.666,73.311,73.187,73.399,73.562,73.703,73.931,72.854,70.47,70.47
38,101312,Belize,BLZ,"Mortality rate, under-5 (per 1,000 live births)",SH.DYN.MORT,,,,,,,,110.5,106.1,101.6,97.5,93.5,89.6,85.9,82.4,79.2,76.1,73.2,70.3,67.5,64.9,62.3,59.7,57.1,54.5,51.8,49.1,46.3,43.6,40.9,38.4,36.1,34.0,32.1,30.4,28.9,27.6,26.5,25.4,24.5,23.6,22.9,22.2,21.7,21.3,20.9,20.6,20.3,19.9,19.5,18.9,18.4,17.7,16.9,16.1,15.3,14.5,13.7,13.0,12.3,11.7,11.2,11.2
40,106842,Bolivia,BOL,"Fertility rate, total (births per woman)",SP.DYN.TFRT.IN,6.358,6.335,6.309,6.279,6.245,6.208,6.168,6.127,6.086,6.045,6.004,5.964,5.923,5.88,5.835,5.786,5.732,5.673,5.61,5.542,5.474,5.408,5.346,5.289,5.238,5.189,5.139,5.087,5.028,4.963,4.89,4.81,4.713,4.592,4.494,4.409,4.336,4.219,4.149,4.09,3.991,3.89,3.802,3.721,3.633,3.558,3.533,3.447,3.364,3.287,3.213,3.143,3.076,3.01,2.947,2.886,2.829,2.777,2.73,2.688,2.651,2.618,2.618
44,107125,Bolivia,BOL,"Life expectancy at birth, total (years)",SP.DYN.LE00.IN,43.1,43.4,43.791,44.077,44.366,44.712,45.118,45.419,45.796,46.215,46.597,47.061,47.497,47.975,48.446,48.826,49.264,49.734,50.181,50.665,51.181,51.619,52.053,52.405,52.971,53.446,53.929,54.492,55.156,55.772,56.422,57.097,57.629,58.418,58.989,59.534,60.084,60.752,61.332,61.871,62.346,62.843,63.306,63.635,64.004,64.386,64.779,65.027,65.446,65.88,66.162,66.534,66.705,67.021,67.163,67.318,67.628,67.701,67.748,67.841,64.467,63.63,63.63
46,107224,Bolivia,BOL,"Mortality rate, under-5 (per 1,000 live births)",SH.DYN.MORT,290.7,284.4,278.1,272.0,266.0,259.9,253.8,247.6,241.6,235.4,229.1,222.7,216.3,209.9,203.4,197.0,190.8,184.7,179.0,173.7,168.7,164.0,159.5,155.1,150.5,145.9,141.1,136.1,131.2,126.3,121.5,116.7,112.1,107.4,102.8,98.3,93.7,89.2,84.6,80.0,75.6,71.4,67.3,63.5,59.8,56.3,53.1,50.0,47.1,44.4,41.9,39.5,37.3,35.2,33.3,31.6,30.2,28.9,27.7,26.6,25.6,24.7,24.7
48,111276,Brazil,BRA,"Fertility rate, total (births per woman)",SP.DYN.TFRT.IN,6.061,6.044,5.995,5.929,5.818,5.675,5.529,5.368,5.202,5.079,4.972,4.857,4.746,4.646,4.502,4.415,4.339,4.267,4.195,4.12,4.037,3.943,3.838,3.723,3.6,3.471,3.342,3.234,3.112,3.01,2.905,2.815,2.719,2.672,2.617,2.579,2.516,2.465,2.409,2.331,2.255,2.183,2.103,2.023,2.002,1.974,1.927,1.881,1.842,1.825,1.81,1.8,1.767,1.748,1.767,1.777,1.709,1.736,1.749,1.703,1.649,1.641,1.641
49,111357,Brazil,BRA,"GNI per capita, Atlas method (current US$)",NY.GNP.PCAP.CD,,,,,,,270.0,310.0,370.0,410.0,450.0,500.0,580.0,720.0,950.0,1170.0,1380.0,1500.0,1680.0,1980.0,2150.0,2100.0,2040.0,1750.0,1660.0,1440.0,1540.0,1680.0,1920.0,2190.0,2170.0,2360.0,2320.0,2290.0,2590.0,3400.0,4370.0,5060.0,4920.0,4190.0,3910.0,3330.0,3080.0,2980.0,3340.0,3980.0,4830.0,6170.0,7590.0,8300.0,9610.0,11050.0,12270.0,12750.0,12080.0,10160.0,8890.0,8670.0,9140.0,9220.0,7820.0,7740.0,7740.0
52,111559,Brazil,BRA,"Life expectancy at birth, total (years)",SP.DYN.LE00.IN,52.66,53.183,53.71,54.209,54.648,55.084,55.473,55.868,56.31,56.748,57.171,57.586,58.032,58.472,58.881,59.353,59.792,60.24,60.72,61.253,61.781,62.333,62.856,63.331,63.773,64.198,64.64,65.08,65.454,65.868,65.985,66.31,66.708,67.109,67.568,67.919,68.409,68.813,69.189,69.524,69.737,70.195,70.41,70.72,71.131,71.753,72.037,72.365,72.715,72.948,73.182,73.343,73.552,73.918,74.306,74.332,74.442,74.827,75.109,75.338,74.009,72.75,72.75
54,111658,Brazil,BRA,"Mortality rate, under-5 (per 1,000 live births)",SH.DYN.MORT,169.6,165.2,160.8,156.7,152.8,149.2,145.8,142.6,139.4,136.0,132.6,129.4,126.0,122.6,119.3,115.8,112.3,108.7,104.7,100.6,96.3,92.0,87.8,84.0,80.4,77.1,74.1,71.3,68.6,65.9,63.2,60.4,57.4,54.3,51.1,48.0,45.0,42.2,39.5,37.0,34.7,32.5,30.4,28.4,26.5,24.8,23.2,21.8,20.6,19.6,18.6,17.9,17.2,16.7,16.3,15.9,16.7,15.4,15.2,14.9,14.7,14.4,14.4
56,131968,Chile,CHL,"Fertility rate, total (births per woman)",SP.DYN.TFRT.IN,4.697,4.655,4.602,4.536,4.457,4.364,4.259,4.144,4.025,3.902,3.778,3.654,3.53,3.409,3.293,3.182,3.078,2.981,2.892,2.812,2.744,2.689,2.648,2.619,2.601,2.592,2.589,2.59,2.591,2.589,2.579,2.558,2.478,2.43,2.377,2.303,2.245,2.177,2.112,2.044,1.987,1.961,1.935,1.873,1.826,1.803,1.803,1.826,1.85,1.855,1.844,1.823,1.798,1.786,1.774,1.737,1.676,1.598,1.564,1.545,1.537,1.537,1.537
57,132049,Chile,CHL,"GNI per capita, Atlas method (current US$)",NY.GNP.PCAP.CD,,,580.0,630.0,670.0,670.0,750.0,760.0,780.0,820.0,880.0,1050.0,1140.0,1350.0,1650.0,1140.0,1010.0,1060.0,1360.0,1780.0,2290.0,2770.0,2270.0,1810.0,1580.0,1420.0,1460.0,1650.0,1920.0,2180.0,2340.0,2590.0,3100.0,3430.0,3720.0,4410.0,5070.0,5610.0,5520.0,5150.0,5080.0,4820.0,4570.0,4620.0,5260.0,6270.0,7430.0,8790.0,10060.0,9980.0,10820.0,11970.0,14310.0,15230.0,14830.0,14210.0,13440.0,13340.0,14600.0,14830.0,12990.0,14780.0,14780.0
60,132251,Chile,CHL,"Life expectancy at birth, total (years)",SP.DYN.LE00.IN,57.015,57.537,57.771,57.15,58.738,59.455,59.689,60.72,61.63,61.905,62.491,62.732,62.281,63.905,64.901,66.279,65.855,67.402,68.074,68.186,68.84,69.909,70.299,70.011,70.46,71.176,71.81,72.54,72.456,72.467,72.574,73.574,74.135,74.195,74.614,74.609,74.899,75.596,75.669,76.018,76.87,76.773,77.445,77.387,77.616,78.016,78.261,77.826,78.484,78.741,78.501,79.11,79.023,79.339,79.473,79.746,80.079,80.35,80.133,80.326,79.377,78.944,78.944
62,132350,Chile,CHL,"Mortality rate, under-5 (per 1,000 live births)",SH.DYN.MORT,157.1,148.5,141.9,135.6,126.9,115.4,103.8,94.0,86.7,82.1,79.9,78.8,77.8,75.5,71.1,64.3,56.5,48.8,42.0,36.7,33.0,29.9,27.0,24.6,23.1,22.4,22.2,21.9,21.3,20.4,19.1,17.6,16.2,15.0,13.9,13.1,12.5,12.2,11.9,11.5,10.9,10.3,9.8,9.5,9.3,9.1,9.0,8.9,8.9,8.8,8.7,8.5,8.4,8.3,8.1,8.0,7.8,7.6,7.4,7.1,6.9,6.6,6.6
64,134924,Colombia,COL,"Fertility rate, total (births per woman)",SP.DYN.TFRT.IN,6.735,6.712,6.663,6.584,6.475,6.333,6.159,5.957,5.737,5.506,5.276,5.057,4.857,4.68,4.527,4.398,4.285,4.179,4.074,3.967,3.856,3.743,3.632,3.527,3.43,3.343,3.269,3.208,3.158,3.117,3.082,3.047,3.01,2.967,2.918,2.862,2.802,2.742,2.683,2.627,2.572,2.516,2.458,2.395,2.33,2.263,2.198,2.137,2.081,2.033,1.992,1.958,1.93,1.905,1.883,1.863,1.843,1.818,1.787,1.765,1.737,1.717,1.717
65,135005,Colombia,COL,"GNI per capita, Atlas method (current US$)",NY.GNP.PCAP.CD,,,290.0,290.0,310.0,320.0,320.0,300.0,310.0,320.0,340.0,370.0,400.0,470.0,560.0,610.0,640.0,710.0,870.0,1090.0,1290.0,1380.0,1370.0,1310.0,1310.0,1240.0,1240.0,1260.0,1320.0,1270.0,1350.0,1400.0,1590.0,1760.0,2080.0,2380.0,2570.0,2690.0,2590.0,2360.0,2360.0,2350.0,2400.0,2400.0,2640.0,3030.0,3540.0,4170.0,4760.0,5190.0,5680.0,6370.0,7340.0,8000.0,8260.0,7400.0,6530.0,6010.0,6320.0,6590.0,5820.0,6190.0,6190.0
68,135207,Colombia,COL,"Life expectancy at birth, total (years)",SP.DYN.LE00.IN,57.13,57.73,58.301,58.892,59.375,59.815,60.204,60.531,60.871,61.216,61.569,62.051,62.569,63.06,63.64,64.27,64.845,65.424,65.954,66.38,66.868,67.197,67.531,67.745,67.979,66.276,68.26,68.268,68.391,68.533,68.644,68.813,69.038,69.342,69.613,69.933,70.189,70.492,70.738,70.926,71.32,71.502,71.939,72.361,72.695,73.081,73.468,73.837,74.295,74.742,75.033,75.32,75.597,75.827,76.043,76.257,76.471,76.646,76.748,76.752,74.769,72.83,72.83
70,135306,Colombia,COL,"Mortality rate, under-5 (per 1,000 live births)",SH.DYN.MORT,134.9,130.5,126.2,122.3,118.5,114.9,111.4,108.0,104.6,101.1,97.5,93.9,90.1,86.2,82.2,78.1,74.0,69.8,65.8,61.9,58.2,54.7,51.5,48.5,45.9,43.6,41.5,39.7,38.2,36.8,35.6,34.4,33.2,32.1,31.0,29.9,28.8,27.8,26.8,25.9,25.1,24.3,23.6,22.8,22.2,21.5,20.9,20.2,19.6,19.0,18.4,17.8,17.2,16.7,16.1,15.6,15.1,14.6,14.1,13.7,13.3,12.8,12.8
72,140836,Costa Rica,CRI,"Fertility rate, total (births per woman)",SP.DYN.TFRT.IN,6.712,6.651,6.543,6.389,6.193,5.96,5.697,5.416,5.028,4.835,4.585,4.362,4.158,3.991,3.893,3.804,3.747,3.701,3.662,3.651,3.59,3.559,3.541,3.528,3.52,3.513,3.463,3.397,3.336,3.267,3.205,3.119,3.037,2.964,2.888,2.804,2.71,2.64,2.534,2.48,2.412,2.325,2.2,2.137,2.078,2.044,2.014,2.012,2.021,1.982,1.928,1.902,1.876,1.838,1.819,1.79,1.754,1.74,1.709,1.632,1.555,1.533,1.533
73,140917,Costa Rica,CRI,"GNI per capita, Atlas method (current US$)",NY.GNP.PCAP.CD,,,350.0,350.0,340.0,360.0,390.0,400.0,440.0,470.0,520.0,560.0,630.0,750.0,880.0,960.0,1040.0,1230.0,1460.0,1720.0,1930.0,1400.0,1010.0,930.0,1100.0,1220.0,1420.0,1580.0,1630.0,1640.0,1720.0,1930.0,2320.0,2710.0,2950.0,3160.0,3220.0,3330.0,3390.0,3450.0,3560.0,3660.0,3750.0,4000.0,4350.0,4610.0,5020.0,5630.0,6350.0,6480.0,7190.0,8020.0,9190.0,9840.0,10250.0,10610.0,11000.0,11400.0,11880.0,12040.0,11520.0,12310.0,12310.0
76,141119,Costa Rica,CRI,"Life expectancy at birth, total (years)",SP.DYN.LE00.IN,60.415,60.901,61.111,61.624,62.083,62.663,63.367,63.921,64.428,65.016,65.361,66.301,66.716,67.953,68.454,69.4,70.294,71.288,72.239,72.423,72.899,73.799,74.654,75.079,75.091,75.111,75.505,75.741,76.106,76.263,76.63,76.591,76.627,76.703,76.67,76.552,76.804,77.07,76.896,77.138,77.586,77.545,77.983,78.072,78.331,78.505,78.514,78.462,78.445,78.672,78.67,79.348,79.283,79.403,78.774,79.086,79.459,79.377,79.484,79.427,79.277,77.023,77.023
78,141218,Costa Rica,CRI,"Mortality rate, under-5 (per 1,000 live births)",SH.DYN.MORT,96.0,93.3,92.5,92.5,92.0,90.2,87.7,84.9,81.9,78.5,74.8,70.1,64.6,58.3,51.7,45.3,39.3,33.9,29.5,26.4,24.4,23.4,22.9,22.7,22.5,22.0,21.2,20.1,18.9,17.8,16.9,16.2,15.7,15.4,15.1,14.9,14.7,14.5,14.1,13.6,13.1,12.6,12.1,11.8,11.5,11.3,11.2,11.1,10.9,10.7,10.5,10.2,9.9,9.6,9.3,9.1,8.9,8.7,8.4,8.2,7.9,7.6,7.6
80,145270,Cuba,CUB,"Fertility rate, total (births per woman)",SP.DYN.TFRT.IN,4.129,4.265,4.421,4.559,4.528,4.459,4.378,4.294,4.212,4.118,4.001,3.87,3.724,3.492,3.199,2.853,2.519,2.213,1.874,1.76,1.619,1.564,1.756,1.788,1.77,1.761,1.76,1.802,1.853,1.827,1.804,1.658,1.561,1.491,1.461,1.471,1.437,1.563,1.588,1.618,1.581,1.563,1.608,1.589,1.517,1.468,1.39,1.428,1.575,1.688,1.693,1.756,1.681,1.688,1.663,1.694,1.609,1.593,1.631,1.551,1.5,1.442,1.442
84,145553,Cuba,CUB,"Life expectancy at birth, total (years)",SP.DYN.LE00.IN,64.173,64.512,65.038,64.94,65.905,66.318,66.715,67.11,67.511,67.936,68.398,68.918,69.462,70.02,70.57,71.079,71.524,71.895,72.201,72.447,72.752,72.939,73.13,73.309,73.468,73.605,73.725,73.825,73.913,73.981,74.039,74.093,74.162,74.261,74.411,74.623,74.903,75.222,75.564,75.893,76.183,76.421,76.612,76.773,76.912,77.047,77.179,77.307,77.429,77.548,77.661,77.76,77.833,77.87,77.853,77.772,77.643,77.529,77.496,77.611,77.567,73.683,73.683
86,145652,Cuba,CUB,"Mortality rate, under-5 (per 1,000 live births)",SH.DYN.MORT,54.0,52.1,50.2,48.3,46.4,44.6,42.9,41.2,39.5,37.8,36.1,34.5,32.9,31.4,29.9,28.4,27.0,25.7,24.4,23.2,22.1,21.0,20.0,19.0,18.1,17.2,16.4,15.7,14.9,14.2,13.6,12.9,12.3,11.8,11.3,10.8,10.4,9.9,9.5,9.2,8.8,8.5,8.2,7.9,7.6,7.4,7.2,6.9,6.7,6.5,6.4,6.2,6.0,5.9,5.8,5.7,5.5,5.4,5.3,5.2,5.1,5.0,5.0
88,154138,Dominica,DMA,"Fertility rate, total (births per woman)",SP.DYN.TFRT.IN,6.866,5.278,5.21,5.272,4.894,4.841,5.858,5.138,4.964,5.46,5.135,4.808,4.475,4.135,3.844,3.576,3.359,3.215,3.108,3.034,2.995,2.961,2.961,3.165,2.906,2.934,2.959,2.797,3.016,2.948,2.96,3.067,3.281,3.102,2.874,2.673,2.519,2.392,2.333,2.554,2.351,2.542,2.276,2.169,2.125,2.105,2.158,2.094,2.027,1.96,1.915,1.871,1.824,1.772,1.734,1.694,1.657,1.629,1.617,1.611,1.597,1.595,1.595
92,154421,Dominica,DMA,"Life expectancy at birth, total (years)",SP.DYN.LE00.IN,59.026,59.949,61.741,58.688,64.493,64.587,63.49,65.005,64.416,63.698,65.468,64.335,67.11,68.049,68.785,69.171,68.985,68.759,70.441,70.97,71.782,73.232,72.993,73.521,72.022,71.255,71.322,70.858,71.364,69.553,69.852,69.646,70.282,70.937,71.076,71.52,71.194,71.634,71.472,70.631,72.693,71.713,72.34,71.438,72.401,72.254,72.848,71.93,73.305,72.17,71.55,69.695,70.538,68.896,69.434,68.727,70.128,67.525,73.59,73.559,73.649,72.814,72.814
94,154520,Dominica,DMA,"Mortality rate, under-5 (per 1,000 live births)",SH.DYN.MORT,138.4,125.9,114.5,104.2,94.9,86.4,78.7,71.7,65.4,59.7,54.5,49.8,45.6,41.8,38.4,35.4,32.6,30.2,28.0,31.4,24.5,23.0,21.8,20.7,19.7,18.9,18.2,17.6,17.1,16.7,16.4,16.1,16.0,15.9,15.8,15.8,15.9,16.1,16.3,16.6,16.9,17.3,17.8,18.4,19.0,19.7,20.5,21.4,22.4,23.4,24.6,25.8,27.2,28.5,29.9,31.2,32.5,33.6,34.5,35.2,35.6,35.9,35.9
96,155616,Dominican Republic,DOM,"Fertility rate, total (births per woman)",SP.DYN.TFRT.IN,7.555,7.487,7.404,7.303,7.186,7.053,6.949,6.755,6.548,6.366,6.184,6.009,5.841,5.667,5.44,5.235,5.046,4.842,4.644,4.473,4.302,4.149,4.014,3.947,3.822,3.686,3.603,3.528,3.5,3.475,3.411,3.349,3.287,3.226,3.163,3.101,3.04,2.953,2.873,2.865,2.859,2.812,2.774,2.721,2.664,2.605,2.533,2.51,2.533,2.556,2.538,2.513,2.485,2.466,2.445,2.43,2.406,2.39,2.381,2.344,2.303,2.273,2.273
97,155697,Dominican Republic,DOM,"GNI per capita, Atlas method (current US$)",NY.GNP.PCAP.CD,,,220.0,240.0,260.0,230.0,250.0,250.0,250.0,280.0,340.0,380.0,440.0,520.0,620.0,720.0,780.0,840.0,910.0,1040.0,1150.0,1220.0,1250.0,1250.0,1310.0,1100.0,1040.0,940.0,920.0,910.0,870.0,1040.0,1350.0,1620.0,1740.0,1940.0,2160.0,2340.0,2430.0,2520.0,2660.0,2720.0,2870.0,2620.0,2540.0,3020.0,3610.0,4400.0,4730.0,4890.0,5280.0,5490.0,5730.0,5970.0,6260.0,6500.0,6780.0,7000.0,7680.0,7990.0,7170.0,8100.0,8100.0
100,155899,Dominican Republic,DOM,"Life expectancy at birth, total (years)",SP.DYN.LE00.IN,50.264,50.84,51.411,51.799,52.542,50.864,53.666,54.289,54.894,55.513,56.145,56.782,57.417,58.042,58.65,59.236,59.791,60.319,60.822,60.753,61.754,62.194,62.648,63.109,63.602,64.139,64.727,65.339,65.951,66.546,67.11,67.625,68.084,68.472,68.792,68.988,69.097,69.166,69.096,69.279,69.423,69.642,69.923,70.265,70.331,70.875,71.165,71.371,71.658,71.871,72.093,72.221,72.514,72.713,72.867,72.953,72.987,73.063,73.232,73.577,72.889,72.615,72.615
102,155998,Dominican Republic,DOM,"Mortality rate, under-5 (per 1,000 live births)",SH.DYN.MORT,147.2,146.1,144.5,142.6,140.3,137.8,135.0,132.2,129.4,126.5,123.5,120.1,116.5,112.7,108.7,104.7,100.8,97.1,93.6,90.2,86.9,83.7,80.7,77.8,75.0,72.2,69.6,67.0,64.5,62.0,59.6,57.2,54.8,52.4,50.2,48.0,46.0,44.2,42.6,41.2,40.0,39.1,38.2,37.5,36.9,36.5,36.1,35.8,35.5,35.4,35.2,35.2,35.1,35.1,35.1,35.1,35.1,35.1,34.8,34.3,33.7,33.0,33.0
104,157094,Ecuador,ECU,"Fertility rate, total (births per woman)",SP.DYN.TFRT.IN,6.721,6.7,6.676,6.646,6.61,6.564,6.507,6.436,6.351,6.252,6.138,6.011,5.873,5.727,5.577,5.426,5.276,5.13,4.989,4.855,4.73,4.612,4.501,4.395,4.293,4.195,4.1,4.007,3.917,3.829,3.744,3.665,3.591,3.524,3.461,3.403,3.345,3.288,3.228,3.166,3.102,3.037,2.972,2.911,2.853,2.8,2.753,2.711,2.675,2.643,2.615,2.596,2.517,2.419,2.335,2.26,2.201,2.174,2.133,2.088,2.051,2.026,2.026
105,157175,Ecuador,ECU,"GNI per capita, Atlas method (current US$)",NY.GNP.PCAP.CD,,,370.0,350.0,380.0,420.0,440.0,460.0,460.0,490.0,510.0,500.0,500.0,590.0,810.0,1080.0,1260.0,1340.0,1530.0,1780.0,2070.0,2410.0,2350.0,2070.0,1860.0,1780.0,1730.0,1600.0,1470.0,1330.0,1340.0,1450.0,1570.0,1640.0,1800.0,1950.0,2070.0,2170.0,2160.0,1780.0,1560.0,1560.0,1740.0,2130.0,2560.0,2890.0,3110.0,3310.0,3860.0,4070.0,4400.0,4880.0,5380.0,5800.0,6100.0,5980.0,5820.0,5890.0,6110.0,6100.0,5560.0,5960.0,5960.0
108,157377,Ecuador,ECU,"Life expectancy at birth, total (years)",SP.DYN.LE00.IN,53.364,53.895,54.401,54.88,55.305,55.664,55.942,56.213,56.487,56.654,57.152,57.633,58.205,58.837,59.526,60.232,60.89,61.559,62.153,62.696,63.191,63.662,64.11,64.528,65.171,65.811,66.535,67.3,68.056,68.749,69.348,69.625,70.117,70.345,70.757,71.041,71.362,71.681,72.045,72.463,72.839,73.24,73.613,73.975,74.279,74.514,74.689,74.844,74.983,75.184,75.43,75.743,76.062,76.369,76.622,76.789,76.763,76.972,77.094,77.297,72.153,73.67,73.67
110,157476,Ecuador,ECU,"Mortality rate, under-5 (per 1,000 live births)",SH.DYN.MORT,174.7,169.5,164.7,160.3,156.1,152.4,148.8,145.8,142.8,139.9,137.0,133.5,129.6,125.1,120.1,114.8,109.5,104.7,100.1,95.6,91.3,86.9,82.3,77.9,73.6,69.5,65.8,62.5,59.5,56.7,54.1,51.4,48.8,46.1,43.5,40.8,38.2,35.7,33.4,31.4,29.6,28.1,26.7,25.5,24.5,23.5,22.6,21.7,20.8,19.9,19.0,18.1,17.3,16.6,16.0,15.4,14.8,14.4,13.9,13.4,12.9,12.5,12.5
112,160050,El Salvador,SLV,"Fertility rate, total (births per woman)",SP.DYN.TFRT.IN,6.634,6.674,6.682,6.69,6.684,6.647,6.575,6.49,6.386,6.278,6.178,6.097,6.004,5.895,5.793,5.678,5.567,5.463,5.338,5.227,5.107,4.986,4.831,4.669,4.508,4.346,4.21,4.184,4.108,4.022,3.947,3.87,3.815,3.734,3.66,3.577,3.482,3.377,3.357,3.259,3.14,2.977,2.809,2.675,2.546,2.455,2.393,2.335,2.291,2.261,2.239,2.224,2.187,2.154,2.126,2.067,1.965,1.896,1.849,1.838,1.819,1.803,1.803
113,160131,El Salvador,SLV,"GNI per capita, Atlas method (current US$)",NY.GNP.PCAP.CD,,,,,,,,300.0,300.0,310.0,320.0,330.0,350.0,390.0,440.0,490.0,540.0,620.0,720.0,790.0,750.0,760.0,720.0,690.0,710.0,730.0,760.0,820.0,860.0,850.0,880.0,910.0,1030.0,1140.0,1260.0,1450.0,1560.0,1660.0,1720.0,1790.0,1880.0,1930.0,1990.0,2110.0,2270.0,2420.0,2590.0,2710.0,2900.0,2850.0,2910.0,3100.0,3250.0,3390.0,3450.0,3490.0,3570.0,3670.0,3900.0,4090.0,3740.0,4260.0,4260.0
116,160333,El Salvador,SLV,"Life expectancy at birth, total (years)",SP.DYN.LE00.IN,48.084,48.849,49.6,50.253,50.734,50.897,50.964,50.852,50.775,50.9,51.41,52.241,53.019,54.048,54.668,54.875,54.627,54.024,53.245,52.2,47.975,48.161,51.105,52.203,54.85,57.025,57.741,59.669,61.476,59.685,62.55,63.856,64.657,65.235,65.838,66.33,67.076,67.895,68.478,69.379,69.865,69.598,70.232,70.14,70.34,70.44,70.773,71.108,71.424,71.576,71.848,71.859,71.831,71.771,71.746,71.814,72.025,72.311,72.555,72.559,71.061,70.748,70.748
118,160432,El Salvador,SLV,"Mortality rate, under-5 (per 1,000 live births)",SH.DYN.MORT,184.8,180.9,177.1,173.5,170.0,166.6,163.1,159.9,156.7,153.4,150.0,146.7,143.2,139.4,135.3,130.9,126.3,121.4,116.4,111.1,125.0,100.5,95.1,89.9,84.8,79.9,75.3,71.0,67.1,63.4,60.0,56.7,53.7,50.7,47.7,44.9,42.2,39.7,37.3,35.1,33.1,31.3,29.6,28.0,26.4,25.0,23.7,22.5,21.4,20.3,19.3,18.4,17.5,16.7,16.0,15.4,14.8,14.3,13.8,13.3,12.8,12.4,12.4
120,188132,Grenada,GRD,"Fertility rate, total (births per woman)",SP.DYN.TFRT.IN,6.743,6.627,6.442,6.196,5.906,5.597,5.3,5.04,4.835,4.69,4.516,4.427,4.337,4.258,4.167,4.023,3.881,3.75,3.675,3.68,3.632,3.204,3.332,3.447,3.316,3.54,3.698,3.772,3.429,3.583,3.489,3.506,3.323,3.109,3.035,2.989,2.987,2.989,2.652,2.536,2.582,2.512,2.455,2.409,2.373,2.344,2.321,2.301,2.282,2.262,2.24,2.217,2.194,2.171,2.148,2.126,2.104,2.083,2.063,2.042,2.023,2.004,2.004
124,188415,Grenada,GRD,"Life expectancy at birth, total (years)",SP.DYN.LE00.IN,60.76,61.792,62.877,64.077,64.841,64.728,64.655,64.654,65.498,65.857,66.216,66.479,66.822,67.217,67.583,67.971,68.151,67.475,67.668,67.9,68.144,68.45,68.712,64.219,69.32,69.58,69.77,69.939,70.165,70.419,70.683,70.974,71.291,71.576,71.786,72.109,72.331,72.568,72.805,72.903,72.783,73.118,73.167,73.188,71.788,73.521,73.7,74.317,74.656,75.036,74.999,75.295,75.042,75.116,74.985,75.013,74.762,74.765,74.808,74.863,74.924,74.936,74.936
126,188514,Grenada,GRD,"Mortality rate, under-5 (per 1,000 live births)",SH.DYN.MORT,101.5,93.4,85.6,78.5,72.5,67.8,64.3,61.6,59.4,57.7,56.1,54.5,52.9,51.3,49.6,47.8,46.0,44.0,42.1,40.1,38.1,36.1,34.2,32.4,30.7,29.0,27.5,26.1,24.8,23.5,22.3,21.1,20.0,19.0,18.1,17.4,16.7,16.2,15.9,15.6,15.4,15.3,15.2,15.2,15.1,15.1,15.1,15.1,15.2,15.3,15.4,15.6,15.7,15.9,16.1,16.2,16.3,16.4,16.5,16.5,16.4,16.2,16.2
128,191088,Guatemala,GTM,"Fertility rate, total (births per woman)",SP.DYN.TFRT.IN,6.955,6.933,6.89,6.869,6.847,6.823,6.799,6.754,6.706,6.655,6.6,6.546,6.511,6.487,6.458,6.41,6.368,6.319,6.261,6.216,6.171,6.121,6.057,5.976,5.855,5.729,5.663,5.639,5.621,5.559,5.48,5.377,5.314,5.254,5.191,5.105,5.008,4.906,4.8,4.687,4.583,4.502,4.371,4.25,4.134,3.974,3.845,3.716,3.571,3.465,3.375,3.292,3.219,3.151,3.088,3.029,2.973,2.857,2.743,2.61,2.484,2.395,2.395
129,191169,Guatemala,GTM,"GNI per capita, Atlas method (current US$)",NY.GNP.PCAP.CD,,,260.0,280.0,280.0,290.0,290.0,290.0,310.0,330.0,350.0,360.0,390.0,450.0,540.0,610.0,690.0,800.0,920.0,1080.0,1210.0,1240.0,1170.0,1110.0,1130.0,1160.0,1070.0,1020.0,980.0,980.0,930.0,970.0,1030.0,1140.0,1230.0,1360.0,1440.0,1530.0,1610.0,1650.0,1670.0,1600.0,1600.0,1670.0,1850.0,2000.0,2150.0,2370.0,2610.0,2650.0,2730.0,2910.0,3160.0,3380.0,3550.0,3700.0,3870.0,4100.0,4400.0,4620.0,4490.0,4940.0,4940.0
132,191371,Guatemala,GTM,"Life expectancy at birth, total (years)",SP.DYN.LE00.IN,45.808,46.47,46.995,47.407,47.712,47.814,47.764,47.984,48.298,48.548,49.439,50.484,51.638,53.003,54.039,54.824,49.169,55.816,55.963,56.185,56.024,55.972,50.134,58.718,59.558,60.203,60.772,61.432,62.029,62.374,62.473,62.725,62.913,63.349,63.726,64.195,64.863,65.536,66.114,66.869,67.446,67.946,68.386,68.797,69.165,69.168,69.812,70.1,70.356,70.641,70.878,71.177,71.463,71.728,71.964,72.103,72.355,72.551,72.726,73.129,71.797,69.237,69.237
134,191470,Guatemala,GTM,"Mortality rate, under-5 (per 1,000 live births)",SH.DYN.MORT,221.9,216.4,211.1,205.9,200.9,195.9,191.0,185.9,180.9,175.8,170.7,165.6,160.5,155.5,150.5,145.6,161.8,136.1,131.3,126.7,122.1,117.5,134.6,108.7,104.4,100.1,95.9,91.9,87.9,84.1,80.4,76.9,73.5,70.3,67.2,64.3,61.6,59.0,56.6,54.3,52.1,50.1,48.1,46.2,44.4,42.7,41.0,39.4,37.8,36.3,34.8,33.4,32.1,30.8,29.5,28.4,27.3,26.3,25.4,24.6,23.8,23.0,23.0
136,195522,Guyana,GUY,"Fertility rate, total (births per woman)",SP.DYN.TFRT.IN,6.372,6.305,6.226,6.14,6.05,5.957,5.86,5.756,5.642,5.517,5.38,5.226,5.057,4.877,4.689,4.503,4.327,4.169,4.031,3.915,3.817,3.728,3.64,3.548,3.452,3.354,3.263,3.186,3.127,3.089,3.069,3.063,3.066,3.071,3.074,3.074,3.069,3.061,3.05,3.036,3.017,2.992,2.961,2.924,2.883,2.84,2.797,2.755,2.718,2.684,2.655,2.63,2.606,2.582,2.558,2.534,2.509,2.485,2.462,2.44,2.418,2.397,2.397
137,195603,Guyana,GUY,"GNI per capita, Atlas method (current US$)",NY.GNP.PCAP.CD,,,280.0,250.0,280.0,310.0,320.0,340.0,330.0,350.0,360.0,380.0,390.0,430.0,540.0,680.0,670.0,610.0,620.0,670.0,760.0,740.0,590.0,510.0,470.0,500.0,520.0,450.0,460.0,360.0,390.0,330.0,390.0,470.0,570.0,680.0,840.0,890.0,870.0,850.0,870.0,870.0,870.0,920.0,1010.0,1070.0,1450.0,2250.0,3820.0,4160.0,4520.0,4870.0,5360.0,5630.0,5660.0,5560.0,5690.0,6000.0,6240.0,6500.0,8190.0,9410.0,9410.0
140,195805,Guyana,GUY,"Life expectancy at birth, total (years)",SP.DYN.LE00.IN,58.034,58.46,58.864,59.202,59.494,59.742,59.937,60.113,60.256,60.38,60.469,60.555,60.636,60.683,60.76,60.819,60.892,60.955,61.052,61.133,61.229,61.311,61.406,61.491,61.589,61.66,61.797,61.947,62.085,62.238,62.415,62.622,62.787,63.152,63.372,63.136,63.205,63.356,63.9,64.17,64.483,64.788,64.728,64.6,64.93,65.132,65.667,66.254,66.288,66.563,66.743,66.982,67.23,67.473,67.882,68.201,68.384,68.667,68.896,69.124,68.486,65.673,65.673
142,195904,Guyana,GUY,"Mortality rate, under-5 (per 1,000 live births)",SH.DYN.MORT,92.0,88.2,85.0,82.2,79.9,78.2,76.8,75.6,74.9,74.2,73.8,73.5,73.4,73.2,73.0,72.8,72.4,72.0,71.4,70.9,70.3,69.6,69.0,68.3,67.6,66.7,65.9,64.8,63.7,62.3,60.9,59.3,57.7,56.1,54.6,53.1,51.7,50.4,49.1,47.9,46.6,45.4,44.3,43.3,42.3,41.4,40.5,39.7,38.8,38.1,37.4,36.6,35.9,35.0,34.1,33.1,32.2,31.3,30.3,29.4,28.5,27.7,27.7
144,197000,Haiti,HTI,"Fertility rate, total (births per woman)",SP.DYN.TFRT.IN,6.208,6.2,6.194,6.182,6.175,6.123,6.071,6.027,5.974,5.925,5.87,5.797,5.722,5.648,5.663,5.687,5.691,5.681,5.673,5.669,5.65,5.673,5.697,5.656,5.632,5.624,5.607,5.593,5.566,5.532,5.483,5.317,5.208,5.099,4.991,4.884,4.777,4.669,4.561,4.452,4.39,4.248,4.125,4.038,3.939,3.833,3.735,3.643,3.567,3.508,3.47,3.411,3.302,3.216,3.157,3.108,3.062,3.016,2.959,2.919,2.869,2.814,2.814
148,197283,Haiti,HTI,"Life expectancy at birth, total (years)",SP.DYN.LE00.IN,43.499,43.914,44.291,42.769,44.968,45.351,45.594,46.125,46.512,46.915,47.337,47.719,47.945,48.208,48.419,48.681,48.956,49.209,49.428,49.675,49.902,50.268,50.551,50.871,51.123,51.523,51.875,52.239,52.632,52.755,52.975,53.391,53.842,54.35,54.653,55.547,56.154,56.516,57.135,57.961,58.365,58.489,58.855,59.507,58.475,60.415,60.763,61.103,61.332,61.741,46.019,61.623,62.291,62.605,62.987,63.237,63.392,63.854,64.019,64.255,64.052,63.192,63.192
150,197382,Haiti,HTI,"Mortality rate, under-5 (per 1,000 live births)",SH.DYN.MORT,290.4,285.8,281.3,276.9,272.3,268.0,263.3,258.5,253.6,248.6,243.5,238.5,233.3,227.8,222.4,216.8,211.4,206.1,200.8,195.6,190.6,185.4,180.5,175.6,170.9,166.3,161.9,157.5,153.2,149.0,144.9,140.8,136.6,132.4,128.2,123.9,119.7,115.5,111.5,107.5,103.9,100.5,97.3,94.4,91.9,89.5,87.3,85.2,83.3,81.4,130.1,77.6,75.8,73.9,72.0,70.1,68.2,66.3,64.4,62.5,60.5,58.6,58.6
152,198478,Honduras,HND,"Fertility rate, total (births per woman)",SP.DYN.TFRT.IN,7.458,7.448,7.443,7.441,7.443,7.442,7.384,7.334,7.289,7.229,7.17,7.124,7.082,7.008,6.921,6.858,6.794,6.701,6.604,6.499,6.393,6.282,6.164,6.048,5.921,5.806,5.707,5.604,5.496,5.395,5.291,5.183,5.089,4.995,4.891,4.758,4.639,4.527,4.448,4.361,4.237,4.098,3.956,3.815,3.677,3.545,3.419,3.296,3.177,3.063,2.957,2.86,2.774,2.699,2.635,2.581,2.536,2.496,2.46,2.427,2.394,2.363,2.363
153,198559,Honduras,HND,"GNI per capita, Atlas method (current US$)",NY.GNP.PCAP.CD,,,170.0,180.0,190.0,200.0,220.0,230.0,240.0,250.0,250.0,260.0,280.0,310.0,350.0,370.0,400.0,450.0,590.0,810.0,1060.0,1060.0,1000.0,980.0,1050.0,1130.0,1240.0,1380.0,1380.0,1250.0,1080.0,920.0,910.0,930.0,860.0,880.0,860.0,890.0,900.0,920.0,1010.0,1040.0,1060.0,1110.0,1190.0,1270.0,1340.0,1470.0,1610.0,1650.0,1710.0,1850.0,1930.0,1970.0,1970.0,2020.0,2080.0,2200.0,2280.0,2330.0,2150.0,2490.0,2490.0
156,198761,Honduras,HND,"Life expectancy at birth, total (years)",SP.DYN.LE00.IN,48.317,48.73,49.668,50.25,50.812,51.465,52.091,52.632,53.355,53.896,54.44,54.966,55.607,54.415,52.313,57.548,58.158,58.746,59.334,59.908,60.485,61.016,61.527,62.137,62.642,62.996,63.591,64.032,64.345,64.856,65.243,65.752,65.991,66.251,66.574,67.139,67.439,67.777,62.721,68.422,68.662,69.006,69.366,69.507,69.796,70.104,70.261,70.376,70.441,70.911,71.088,71.439,71.734,71.963,72.259,72.487,72.588,72.692,72.814,72.881,71.462,70.123,70.123
158,198860,Honduras,HND,"Mortality rate, under-5 (per 1,000 live births)",SH.DYN.MORT,208.6,201.5,194.9,188.4,182.0,175.7,169.6,163.6,157.6,151.8,146.0,140.4,134.9,129.5,148.9,119.0,113.9,109.0,104.1,99.4,94.9,90.5,86.2,82.1,78.2,74.5,70.9,67.5,64.3,61.2,58.3,55.6,53.1,50.8,48.6,46.5,44.6,42.7,64.2,39.2,37.5,35.8,34.2,32.8,31.4,30.0,28.8,27.7,26.6,25.6,24.7,23.8,22.9,22.1,21.3,20.5,19.8,19.1,18.4,17.8,17.1,16.6,16.6
160,216214,Jamaica,JAM,"Fertility rate, total (births per woman)",SP.DYN.TFRT.IN,5.58,5.446,5.378,5.509,5.684,5.747,5.83,5.847,5.817,5.748,5.638,5.5,5.292,5.029,4.756,4.499,4.218,4.115,3.965,3.839,3.733,3.643,3.559,3.477,3.394,3.308,3.223,3.142,3.069,3.003,2.854,2.906,2.952,2.962,2.939,2.881,2.674,2.659,2.594,2.447,2.21,2.173,2.149,2.13,2.127,2.063,2.069,1.908,1.89,1.864,1.742,1.728,1.696,1.636,1.569,1.588,1.516,1.44,1.388,1.37,1.358,1.352,1.352
161,216295,Jamaica,JAM,"GNI per capita, Atlas method (current US$)",NY.GNP.PCAP.CD,,,,,,,,,630.0,650.0,730.0,760.0,990.0,1030.0,1200.0,1390.0,1390.0,1470.0,1430.0,1340.0,1230.0,1320.0,1370.0,1420.0,1150.0,940.0,970.0,1190.0,1500.0,1710.0,1790.0,1750.0,1630.0,1860.0,1900.0,2320.0,2550.0,2800.0,2930.0,3160.0,3290.0,3300.0,3320.0,3510.0,3740.0,3890.0,4180.0,4420.0,4680.0,4440.0,4520.0,4730.0,5130.0,5170.0,5070.0,4870.0,4770.0,4940.0,5230.0,5500.0,4900.0,5190.0,5190.0
164,216497,Jamaica,JAM,"Life expectancy at birth, total (years)",SP.DYN.LE00.IN,64.042,64.394,64.491,65.27,65.622,65.972,66.355,66.442,66.265,66.381,66.702,66.795,67.102,67.551,67.838,68.048,68.425,68.534,68.755,69.048,69.435,69.859,70.244,70.16,70.272,70.52,70.732,71.273,71.541,72.157,72.304,72.186,72.189,71.921,71.739,71.549,71.488,71.207,70.99,70.968,70.944,70.758,70.888,70.806,70.86,71.044,71.199,71.418,71.612,72.124,72.622,73.094,73.433,73.412,72.982,72.394,72.02,71.911,71.793,71.767,71.869,70.5,70.5
166,216596,Jamaica,JAM,"Mortality rate, under-5 (per 1,000 live births)",SH.DYN.MORT,82.2,78.8,75.5,72.6,69.8,67.2,64.8,62.5,60.2,58.0,55.9,53.7,51.6,49.7,47.8,46.0,44.4,42.8,41.3,39.9,38.5,37.2,36.0,34.8,33.7,32.6,31.6,30.6,29.7,28.8,28.0,27.2,26.5,25.7,25.0,24.2,23.5,22.8,22.2,21.5,20.9,20.4,20.0,19.6,19.2,18.9,18.7,18.4,18.1,17.7,17.3,16.8,16.3,15.9,15.4,15.0,14.6,14.1,13.7,13.2,12.8,12.4,12.4
168,282724,Nicaragua,NIC,"Fertility rate, total (births per woman)",SP.DYN.TFRT.IN,7.159,7.149,7.128,7.108,7.069,7.034,6.988,6.953,6.907,6.855,6.811,6.764,6.708,6.652,6.576,6.499,6.407,6.301,6.186,6.069,5.959,5.84,5.737,5.611,5.488,5.359,5.217,5.073,4.931,4.762,4.596,4.432,4.267,4.102,3.937,3.775,3.62,3.473,3.339,3.218,3.111,3.019,2.941,2.874,2.816,2.767,2.725,2.689,2.657,2.628,2.601,2.575,2.55,2.526,2.503,2.48,2.455,2.43,2.404,2.377,2.349,2.321,2.321
169,282805,Nicaragua,NIC,"GNI per capita, Atlas method (current US$)",NY.GNP.PCAP.CD,,,140.0,150.0,160.0,200.0,230.0,280.0,290.0,300.0,300.0,310.0,320.0,380.0,500.0,560.0,590.0,670.0,640.0,490.0,590.0,650.0,670.0,670.0,700.0,680.0,750.0,850.0,670.0,360.0,310.0,210.0,230.0,290.0,440.0,610.0,860.0,870.0,870.0,910.0,950.0,960.0,960.0,990.0,1080.0,1160.0,1200.0,1280.0,1390.0,1380.0,1460.0,1560.0,1660.0,1730.0,1810.0,1870.0,1930.0,2000.0,1940.0,1860.0,1740.0,1950.0,1950.0
172,283007,Nicaragua,NIC,"Life expectancy at birth, total (years)",SP.DYN.LE00.IN,46.125,46.948,47.575,48.304,49.169,50.193,51.316,52.394,53.465,54.324,54.95,55.322,48.626,55.725,55.85,56.036,56.299,56.243,53.571,50.813,57.914,58.198,58.605,56.794,56.131,56.501,57.775,57.66,60.3,62.475,63.096,63.931,64.266,64.685,65.181,65.608,66.052,66.515,65.209,67.12,67.234,67.215,67.18,67.217,67.423,67.936,68.725,69.559,70.586,71.433,72.009,72.416,72.615,72.704,72.812,72.983,73.256,73.554,73.85,74.054,71.795,73.837,73.837
174,283106,Nicaragua,NIC,"Mortality rate, under-5 (per 1,000 live births)",SH.DYN.MORT,197.3,195.4,193.6,191.7,189.6,187.1,184.5,181.8,178.7,175.2,171.6,167.2,186.3,157.3,151.3,144.7,137.5,130.2,122.8,115.5,108.5,102.1,96.2,91.0,86.4,82.5,79.0,75.9,72.9,69.9,66.9,63.8,60.6,57.5,54.5,51.5,48.7,46.0,50.5,41.0,38.8,36.9,35.0,33.3,31.8,30.3,28.9,27.6,26.4,25.2,24.1,23.0,21.9,20.8,19.8,18.8,17.8,16.8,15.8,14.9,14.0,13.3,13.3
176,296026,Panama,PAN,"Fertility rate, total (births per woman)",SP.DYN.TFRT.IN,5.844,5.865,5.872,5.865,5.808,5.728,5.649,5.546,5.432,5.304,5.171,5.048,4.907,4.739,4.575,4.424,4.273,4.132,3.999,3.895,3.812,3.741,3.67,3.611,3.523,3.431,3.352,3.27,3.198,3.148,3.096,2.999,2.95,2.909,2.877,2.852,2.83,2.81,2.789,2.767,2.744,2.72,2.698,2.679,2.691,2.665,2.636,2.63,2.631,2.613,2.604,2.627,2.636,2.609,2.59,2.564,2.528,2.493,2.441,2.375,2.344,2.325,2.325
177,296107,Panama,PAN,"GNI per capita, Atlas method (current US$)",NY.GNP.PCAP.CD,,,500.0,530.0,550.0,590.0,630.0,670.0,710.0,770.0,810.0,890.0,960.0,1090.0,1230.0,1380.0,1360.0,1570.0,1810.0,2040.0,2280.0,2500.0,2660.0,2570.0,2600.0,2870.0,2940.0,3290.0,2770.0,2580.0,2660.0,2750.0,3040.0,3260.0,3440.0,3440.0,3600.0,3640.0,3710.0,3790.0,3920.0,3860.0,3970.0,4070.0,4500.0,4820.0,5130.0,5810.0,6580.0,6940.0,7290.0,8590.0,9580.0,10670.0,11220.0,12240.0,12810.0,13770.0,14540.0,15010.0,12470.0,13920.0,13920.0
180,296309,Panama,PAN,"Life expectancy at birth, total (years)",SP.DYN.LE00.IN,60.702,61.471,62.154,62.735,63.203,63.558,63.789,64.056,64.313,64.662,65.083,65.787,66.457,67.087,67.653,68.079,68.381,68.603,68.761,68.989,69.254,69.586,69.939,70.27,70.543,70.732,70.833,70.888,70.888,69.936,71.097,71.207,71.462,71.8,72.096,72.385,72.675,72.97,73.279,73.622,74.001,74.414,74.824,75.218,75.544,75.829,76.012,76.154,76.225,76.343,76.448,76.627,76.819,77.038,77.248,77.468,77.653,77.795,77.863,77.81,76.657,76.223,76.223
182,296408,Panama,PAN,"Mortality rate, under-5 (per 1,000 live births)",SH.DYN.MORT,92.0,89.2,86.5,83.8,81.2,78.7,76.3,73.9,71.5,68.9,66.2,63.3,60.4,57.5,54.9,52.5,50.4,48.6,47.0,45.5,44.0,42.5,41.0,39.6,38.2,36.8,35.6,34.4,33.3,32.3,31.4,30.6,29.9,29.3,28.8,28.3,27.9,27.5,27.0,26.6,26.0,25.4,24.8,24.2,23.5,22.9,22.3,21.7,21.1,20.5,19.8,19.2,18.6,18.0,17.5,16.9,16.4,15.9,15.4,14.8,14.4,13.9,13.9
184,298982,Paraguay,PRY,"Fertility rate, total (births per woman)",SP.DYN.TFRT.IN,6.5,6.489,6.472,6.447,6.415,6.356,6.258,6.134,6.01,5.87,5.739,5.591,5.458,5.351,5.272,5.207,5.154,5.117,5.064,5.089,5.122,5.165,5.126,5.087,5.037,4.974,4.9,4.818,4.73,4.639,4.547,4.457,4.368,4.282,4.196,4.108,4.014,3.911,3.798,3.678,3.553,3.431,3.315,3.21,3.119,3.04,2.97,2.907,2.846,2.787,2.73,2.675,2.625,2.636,2.646,2.645,2.624,2.591,2.561,2.525,2.497,2.469,2.469
188,299265,Paraguay,PRY,"Life expectancy at birth, total (years)",SP.DYN.LE00.IN,60.423,60.755,61.058,61.334,61.583,61.819,61.988,62.153,62.319,62.499,62.684,62.803,62.935,63.066,63.233,63.445,63.705,63.941,64.132,64.448,64.749,65.023,65.385,65.614,65.966,66.315,66.656,67.012,67.319,67.469,67.944,68.173,68.395,68.633,68.824,69.009,69.202,69.325,69.478,69.634,69.75,69.9,70.025,70.297,70.481,70.527,70.781,71.106,71.384,71.635,71.887,72.131,72.454,72.757,72.878,73.191,73.534,73.644,73.568,73.621,73.182,70.262,70.262
190,299364,Paraguay,PRY,"Mortality rate, under-5 (per 1,000 live births)",SH.DYN.MORT,82.2,81.5,81.0,80.5,80.1,79.8,79.4,79.0,78.7,78.2,77.6,76.9,76.1,75.2,74.1,72.9,71.6,70.1,68.6,66.9,65.0,63.1,61.1,59.0,56.9,54.9,52.9,51.0,49.1,47.3,45.6,43.9,42.3,40.9,39.6,38.4,37.3,36.4,35.5,34.6,33.8,33.1,32.3,31.5,30.7,29.9,29.2,28.4,27.6,26.8,26.0,25.2,24.4,23.6,22.9,22.2,21.4,20.8,20.0,19.4,18.7,18.2,18.2
192,300460,Peru,PER,"Fertility rate, total (births per woman)",SP.DYN.TFRT.IN,6.941,6.923,6.895,6.858,6.81,6.75,6.68,6.6,6.513,6.418,6.316,6.207,6.091,5.968,5.841,5.709,5.575,5.44,5.305,5.171,5.041,4.915,4.795,4.68,4.568,4.46,4.354,4.247,4.138,4.026,3.912,3.794,3.673,3.552,3.432,3.315,3.203,3.099,3.002,2.917,2.845,2.744,2.693,2.661,2.673,2.686,2.686,2.666,2.628,2.607,2.573,2.542,2.487,2.432,2.385,2.338,2.306,2.281,2.26,2.242,2.216,2.192,2.192
193,300541,Peru,PER,"GNI per capita, Atlas method (current US$)",NY.GNP.PCAP.CD,,,290.0,300.0,330.0,380.0,450.0,480.0,470.0,470.0,500.0,560.0,630.0,740.0,920.0,1080.0,1070.0,1020.0,870.0,910.0,1030.0,1170.0,1140.0,920.0,890.0,840.0,840.0,950.0,790.0,790.0,840.0,1210.0,1410.0,1550.0,1750.0,1940.0,2140.0,2270.0,2140.0,2020.0,1960.0,1880.0,1940.0,2060.0,2260.0,2520.0,2780.0,3180.0,3760.0,3940.0,4380.0,4930.0,5740.0,6360.0,6470.0,6290.0,6070.0,6030.0,6430.0,6770.0,6000.0,6460.0,6460.0
196,300743,Peru,PER,"Life expectancy at birth, total (years)",SP.DYN.LE00.IN,50.495,51.091,51.31,52.2,52.717,53.183,53.699,54.223,54.747,55.255,47.16,56.163,56.737,57.085,57.483,57.905,58.266,58.617,58.973,59.303,59.589,59.847,60.015,60.161,60.467,61.292,62.024,62.804,63.601,64.352,65.106,65.434,66.149,66.681,67.227,67.644,68.147,68.605,69.082,69.743,70.424,71.041,71.661,72.217,72.668,72.986,73.172,73.223,73.377,73.466,73.711,74.133,74.544,74.967,75.333,75.621,75.789,75.879,76.009,76.156,73.665,72.377,72.377
198,300842,Peru,PER,"Mortality rate, under-5 (per 1,000 live births)",SH.DYN.MORT,228.1,221.8,215.2,208.1,201.0,194.1,187.4,181.1,175.4,170.1,194.5,160.4,155.6,150.9,146.4,142.1,138.3,135.0,132.0,129.2,126.3,123.1,119.4,115.2,110.4,105.1,99.6,94.3,89.3,84.6,80.2,75.9,71.5,67.0,62.4,57.9,53.4,49.1,45.1,41.4,38.1,35.1,32.5,30.2,28.2,26.5,24.9,23.4,22.1,20.9,19.9,19.0,18.3,17.6,17.1,16.5,16.1,15.7,15.3,14.9,14.5,14.1,14.1
200,306372,Puerto Rico,PRI,"Fertility rate, total (births per woman)",SP.DYN.TFRT.IN,4.796,4.51,4.359,4.525,4.108,4.044,3.817,3.569,3.381,3.315,3.243,3.291,3.058,2.93,2.882,2.772,2.863,2.923,2.9,2.846,2.815,2.711,2.613,2.456,2.353,2.351,2.355,2.328,2.307,2.386,2.378,2.302,2.29,2.307,2.278,2.248,1.94,1.9,1.9,2.0,2.0485,1.9346,1.8317,1.7624,1.7822,1.7702,1.7123,1.6505,1.6516,1.6528,1.6235,1.5965,1.5425,1.47,1.432,1.3365,1.2425,1.101,1.035,0.982,0.922,0.907,0.907
201,306453,Puerto Rico,PRI,"GNI per capita, Atlas method (current US$)",NY.GNP.PCAP.CD,,,820.0,900.0,960.0,1060.0,1160.0,1240.0,1370.0,1560.0,1750.0,1910.0,2100.0,2380.0,2590.0,2660.0,2650.0,2740.0,2980.0,3390.0,3720.0,3890.0,3770.0,3670.0,3970.0,4280.0,4750.0,5350.0,5860.0,6050.0,5950.0,6300.0,6760.0,7100.0,7370.0,7820.0,8130.0,8510.0,8690.0,9590.0,10550.0,10950.0,11250.0,12170.0,14260.0,14750.0,15030.0,15860.0,16360.0,16580.0,16920.0,17670.0,18680.0,19170.0,19280.0,19420.0,19710.0,20000.0,21010.0,22040.0,21240.0,22580.0,22580.0
204,306655,Puerto Rico,PRI,"Life expectancy at birth, total (years)",SP.DYN.LE00.IN,68.934,69.262,69.284,69.477,69.693,69.991,70.248,70.539,70.679,70.999,71.048,71.198,71.302,71.581,71.634,71.92,72.262,72.616,72.816,73.04,73.226,73.36,73.524,73.484,73.531,73.083,73.718,73.839,73.852,73.853,73.89,73.913,73.939,74.029,74.083,74.364,74.585,74.92,75.194,75.536,75.977,76.456,76.728,76.874,77.143,77.237,77.415,77.621,77.841,77.877,78.01,78.316,78.461,78.777,78.929,79.695,80.27,79.258,79.77,79.063,78.041,80.162,80.162
208,340366,St. Kitts and Nevis,KNA,"Fertility rate, total (births per woman)",SP.DYN.TFRT.IN,7.169,6.924,6.687,6.735,6.661,6.535,6.273,5.865,5.498,5.263,5.007,4.775,4.355,4.14,3.98,3.851,3.773,3.646,3.419,3.331,3.345,3.392,3.451,3.248,3.055,3.004,2.862,2.769,2.744,2.78,2.793,2.622,2.448,2.402,2.35,2.36,2.325,2.393,2.376,2.327,2.196,2.086,2.038,2.004,1.964,1.931,1.902,1.871,1.833,1.8,1.762,1.74,1.713,1.682,1.665,1.643,1.633,1.61,1.587,1.568,1.55,1.531,1.531
212,340649,St. Kitts and Nevis,KNA,"Life expectancy at birth, total (years)",SP.DYN.LE00.IN,55.909,55.818,57.183,58.608,59.037,59.593,60.022,60.504,60.795,60.824,61.291,60.747,60.187,60.275,61.722,63.098,63.682,63.781,63.352,63.233,63.358,63.879,64.279,64.634,65.278,65.795,65.511,65.476,65.45,64.992,65.188,66.15,66.972,67.58,67.294,67.152,67.313,67.853,67.69,68.709,69.781,70.2,70.452,70.768,71.303,71.362,71.288,71.367,71.374,71.393,71.27,71.538,71.669,71.457,70.966,70.763,71.74,71.84,71.467,71.572,71.627,71.682,71.682
214,340748,St. Kitts and Nevis,KNA,"Mortality rate, under-5 (per 1,000 live births)",SH.DYN.MORT,,,,,,,,,,,,71.5,68.6,65.9,63.4,61.1,59.0,57.0,54.9,52.7,50.3,47.7,45.0,42.3,39.8,37.5,35.5,33.8,32.4,31.3,30.4,29.7,29.2,28.8,28.4,27.9,27.3,26.7,25.8,24.9,23.8,22.7,21.6,20.7,19.8,19.1,18.5,18.1,17.8,17.6,17.5,17.4,17.4,17.3,17.2,16.9,16.6,16.3,15.9,15.4,15.0,14.6,14.6
216,341844,St. Lucia,LCA,"Fertility rate, total (births per woman)",SP.DYN.TFRT.IN,6.967,6.931,6.88,6.821,6.758,6.688,6.607,6.508,6.387,6.249,6.101,5.953,5.813,5.686,5.571,5.462,5.347,5.216,5.064,4.891,4.703,4.512,4.328,4.161,4.014,3.888,3.781,3.683,3.589,3.495,3.399,3.302,3.203,3.104,3.001,2.892,2.772,2.641,2.499,2.35,2.202,2.06,1.933,1.826,1.74,1.675,1.63,1.598,1.574,1.555,1.538,1.522,1.508,1.496,1.485,1.473,1.461,1.448,1.436,1.424,1.411,1.399,1.399
220,342127,St. Lucia,LCA,"Life expectancy at birth, total (years)",SP.DYN.LE00.IN,55.724,56.993,58.041,58.889,59.966,60.883,61.796,62.687,63.512,63.85,64.267,64.548,64.648,64.831,65.564,65.921,66.256,66.887,67.332,67.359,67.7,68.467,69.052,69.91,70.376,70.117,70.281,70.005,70.053,70.215,70.326,70.602,70.799,71.114,70.992,71.002,70.904,70.775,70.69,70.709,70.768,71.135,71.472,71.771,72.028,72.245,72.465,72.599,72.698,72.722,72.72,72.944,72.882,72.735,72.864,73.138,73.112,73.127,73.357,73.445,73.416,71.111,71.111
222,342226,St. Lucia,LCA,"Mortality rate, under-5 (per 1,000 live births)",SH.DYN.MORT,164.1,156.1,147.0,137.4,127.4,117.4,107.7,98.4,89.6,81.5,74.0,67.3,61.3,55.9,51.1,46.9,43.3,40.1,37.3,34.8,32.7,30.9,29.3,28.0,26.8,25.7,24.8,23.9,23.2,22.5,21.9,21.3,20.8,20.3,19.9,19.6,19.2,19.0,18.7,18.5,18.4,18.3,18.3,18.3,18.4,18.5,18.6,18.9,19.1,19.4,19.7,20.1,20.5,21.0,21.4,21.9,22.5,23.0,23.6,24.1,24.5,24.8,24.8
224,344800,St. Vincent and the Grenadines,VCT,"Fertility rate, total (births per woman)",SP.DYN.TFRT.IN,7.286,7.227,7.13,7.022,6.928,6.823,6.71,6.594,6.449,6.276,6.087,5.887,5.678,5.459,5.22,4.975,4.729,4.498,4.334,4.158,3.905,3.814,3.723,3.569,3.333,3.159,3.015,2.927,2.862,2.836,2.825,2.823,2.829,2.802,2.74,2.665,2.569,2.489,2.416,2.375,2.34,2.298,2.215,2.14,2.087,2.065,2.055,2.081,2.137,2.154,2.133,2.101,2.12,2.112,2.12,2.099,2.025,1.932,1.873,1.838,1.814,1.797,1.797
225,344881,St. Vincent and the Grenadines,VCT,"GNI per capita, Atlas method (current US$)",NY.GNP.PCAP.CD,,,170.0,160.0,160.0,170.0,170.0,160.0,170.0,180.0,190.0,200.0,270.0,280.0,310.0,340.0,360.0,430.0,520.0,660.0,780.0,900.0,970.0,1020.0,1130.0,1250.0,1370.0,1570.0,1850.0,1940.0,2020.0,2130.0,2420.0,2550.0,2510.0,2730.0,2840.0,2900.0,3010.0,3130.0,3380.0,3650.0,4010.0,4430.0,4810.0,5080.0,5610.0,6070.0,6420.0,6570.0,6350.0,6430.0,6760.0,7030.0,6910.0,7160.0,7540.0,7760.0,8370.0,8580.0,8260.0,8720.0,8720.0
228,345083,St. Vincent and the Grenadines,VCT,"Life expectancy at birth, total (years)",SP.DYN.LE00.IN,56.443,57.932,59.482,61.063,62.667,64.264,65.651,66.666,67.527,68.178,68.57,68.733,68.499,68.583,69.079,69.367,69.391,69.676,69.586,69.752,70.184,70.376,70.433,70.959,71.188,71.521,71.639,72.046,72.35,72.732,72.38,72.937,72.624,72.458,71.922,72.097,71.266,70.922,71.097,71.3,71.377,71.938,72.168,72.352,73.035,73.516,74.017,74.703,75.053,75.083,74.718,74.596,74.146,73.798,74.473,74.407,74.28,74.305,74.128,72.835,72.126,69.629,69.629
230,345182,St. Vincent and the Grenadines,VCT,"Mortality rate, under-5 (per 1,000 live births)",SH.DYN.MORT,174.7,163.6,150.0,135.3,121.0,108.2,97.4,88.7,82.0,77.4,74.7,73.7,73.9,74.8,75.5,74.8,72.5,68.6,63.6,58.2,52.9,47.9,43.3,39.1,35.4,32.3,29.7,27.7,26.0,24.8,23.9,23.2,22.7,22.4,22.3,22.3,22.4,22.4,22.4,22.4,22.3,22.1,22.0,21.8,21.7,21.5,21.4,21.1,20.8,20.4,19.8,19.3,18.6,18.0,17.4,16.8,16.2,15.7,15.2,14.6,14.2,13.7,13.7
232,347756,Suriname,SUR,"Fertility rate, total (births per woman)",SP.DYN.TFRT.IN,6.608,6.594,6.558,6.497,6.412,6.304,6.182,6.053,5.922,5.79,5.653,5.504,5.336,5.148,4.945,4.734,4.526,4.332,4.161,4.015,3.895,3.798,3.715,3.64,3.57,3.505,3.445,3.391,3.345,3.304,3.267,3.231,3.195,3.156,3.115,3.072,3.03,2.99,2.955,2.923,2.895,2.868,2.84,2.811,2.781,2.749,2.717,2.687,2.659,2.633,2.61,2.587,2.565,2.543,2.519,2.494,2.469,2.443,2.418,2.394,2.371,2.348,2.348
233,347837,Suriname,SUR,"GNI per capita, Atlas method (current US$)",NY.GNP.PCAP.CD,,,290.0,240.0,260.0,380.0,460.0,510.0,520.0,530.0,560.0,580.0,640.0,710.0,890.0,1210.0,1300.0,1520.0,1810.0,2070.0,2200.0,2530.0,2400.0,2210.0,2230.0,2260.0,2340.0,2420.0,2890.0,2170.0,1400.0,1130.0,1040.0,990.0,1120.0,1350.0,1640.0,1840.0,2050.0,1930.0,1940.0,1630.0,1870.0,2130.0,2730.0,3210.0,3910.0,4890.0,6130.0,6740.0,7380.0,7680.0,8290.0,8690.0,8990.0,8640.0,6740.0,5770.0,5790.0,6020.0,4500.0,4410.0,4410.0
236,348039,Suriname,SUR,"Life expectancy at birth, total (years)",SP.DYN.LE00.IN,57.102,57.767,58.474,59.039,59.625,59.485,59.691,59.905,60.062,60.224,60.402,60.392,60.507,60.697,60.841,61.049,61.25,61.453,61.684,61.878,62.034,62.251,62.455,62.593,62.872,63.058,62.96,63.186,63.437,64.01,64.23,64.453,64.65,64.98,65.272,65.337,65.668,65.697,65.594,65.443,65.508,65.482,65.531,65.596,66.416,67.002,67.571,68.204,68.816,69.505,69.894,69.914,69.764,69.682,69.782,70.8,71.592,72.417,72.553,72.242,72.561,70.274,70.274
240,362536,Trinidad and Tobago,TTO,"Fertility rate, total (births per woman)",SP.DYN.TFRT.IN,5.345,5.301,5.219,5.058,4.851,4.59,4.292,4.061,3.921,3.646,3.603,3.597,3.596,3.475,3.338,3.236,3.187,3.169,3.206,3.235,3.238,3.265,3.236,3.167,3.073,3.064,2.978,2.837,2.682,2.523,2.382,2.282,2.205,2.101,2.023,1.931,1.874,1.822,1.797,1.788,1.769,1.746,1.718,1.705,1.685,1.68,1.692,1.709,1.713,1.69,1.701,1.713,1.711,1.703,1.693,1.682,1.678,1.662,1.651,1.643,1.631,1.626,1.626
241,362617,Trinidad and Tobago,TTO,"GNI per capita, Atlas method (current US$)",NY.GNP.PCAP.CD,,,630.0,740.0,800.0,800.0,740.0,750.0,760.0,770.0,790.0,830.0,960.0,1150.0,1440.0,2080.0,2430.0,2700.0,3230.0,3780.0,4940.0,5840.0,6490.0,5950.0,5880.0,5750.0,4950.0,4160.0,3800.0,3500.0,3570.0,3750.0,4250.0,3920.0,3720.0,3810.0,4050.0,4300.0,4410.0,4650.0,5140.0,5770.0,6420.0,7650.0,9190.0,10590.0,12560.0,14170.0,16370.0,15270.0,15500.0,14090.0,16750.0,18760.0,19110.0,19020.0,16510.0,15560.0,15260.0,15620.0,13830.0,15000.0,15000.0
244,362819,Trinidad and Tobago,TTO,"Life expectancy at birth, total (years)",SP.DYN.LE00.IN,63.026,62.865,63.427,63.822,63.843,64.147,64.376,64.798,64.668,64.685,65.057,65.283,64.947,65.561,66.848,66.786,66.273,66.641,67.438,67.768,67.572,67.65,67.646,67.935,67.592,67.543,68.279,68.281,68.419,68.438,68.272,68.859,68.391,68.811,68.511,69.17,69.009,68.719,69.16,68.377,69.102,69.646,70.488,69.729,71.076,71.308,71.256,71.652,71.47,73.126,72.725,73.278,73.716,73.962,74.215,74.503,74.281,74.23,73.802,74.228,74.406,72.971,72.971
246,362918,Trinidad and Tobago,TTO,"Mortality rate, under-5 (per 1,000 live births)",SH.DYN.MORT,67.7,65.3,63.2,61.2,59.4,57.7,56.3,55.0,53.8,52.7,51.6,50.6,49.5,48.4,47.2,45.9,44.6,43.3,42.0,40.7,39.4,38.1,36.9,35.8,34.8,33.8,33.0,32.2,31.5,30.8,30.3,29.8,29.4,29.1,28.8,28.6,28.4,28.4,28.3,28.2,28.1,27.9,27.7,27.3,26.8,26.2,25.6,24.9,24.2,23.5,22.9,22.2,21.5,20.8,20.2,19.6,19.0,18.5,17.9,17.4,16.8,16.3,16.3
248,378794,Uruguay,URY,"Fertility rate, total (births per woman)",SP.DYN.TFRT.IN,2.827,2.846,2.866,2.884,2.863,2.84,2.819,2.784,2.771,2.753,2.698,2.77,2.816,2.856,2.959,3.018,3.008,2.896,2.826,2.712,2.587,2.562,2.53,2.492,2.476,2.48,2.472,2.416,2.506,2.516,2.433,2.446,2.423,2.397,2.415,2.401,2.364,2.328,2.262,2.22,2.168,2.132,2.142,2.101,2.09,2.097,2.07,2.048,2.03,2.018,2.011,2.008,2.006,2.01,1.998,2.023,1.945,1.796,1.658,1.546,1.477,1.493,1.493
249,378875,Uruguay,URY,"GNI per capita, Atlas method (current US$)",NY.GNP.PCAP.CD,,,580.0,610.0,670.0,680.0,730.0,640.0,620.0,670.0,820.0,860.0,870.0,1050.0,1350.0,1600.0,1460.0,1400.0,1600.0,2120.0,2830.0,3610.0,3260.0,2180.0,1730.0,1500.0,1770.0,2200.0,2590.0,2720.0,2840.0,3180.0,3840.0,4360.0,5050.0,5560.0,6200.0,7030.0,7310.0,7320.0,7120.0,6550.0,5170.0,4260.0,4140.0,4730.0,5400.0,6390.0,7720.0,8820.0,10460.0,12090.0,13360.0,15360.0,15830.0,15670.0,15490.0,15990.0,17390.0,17940.0,15950.0,16080.0,16080.0
252,379077,Uruguay,URY,"Life expectancy at birth, total (years)",SP.DYN.LE00.IN,67.772,67.895,67.994,68.084,68.179,68.294,68.427,68.558,68.698,68.815,68.904,68.969,68.933,69.096,69.193,69.335,69.523,69.746,69.999,70.279,70.582,70.901,71.223,71.539,71.841,72.123,72.381,72.613,72.82,73.002,73.162,73.305,73.441,73.579,73.728,73.896,74.088,74.298,74.527,74.769,75.025,75.285,75.54,75.785,76.007,76.194,76.362,76.498,76.623,76.738,76.858,76.983,77.111,77.24,77.366,77.483,77.571,77.625,77.611,77.508,78.43,75.436,75.436
254,379176,Uruguay,URY,"Mortality rate, under-5 (per 1,000 live births)",SH.DYN.MORT,63.5,62.2,60.7,59.3,58.3,57.7,57.4,56.9,56.2,55.2,54.0,53.2,53.3,54.1,54.9,55.2,54.4,52.1,48.4,44.1,39.6,35.8,33.0,31.0,29.6,28.5,27.4,26.2,25.0,23.8,22.9,22.3,21.8,21.4,21.0,20.6,20.0,19.2,18.4,17.6,17.0,16.6,16.2,15.8,15.2,14.4,13.6,12.7,11.9,11.3,10.8,10.4,10.0,9.7,9.3,8.9,8.4,7.9,7.3,6.8,6.3,5.8,5.8
256,383228,"Venezuela, RB",VEN,"Fertility rate, total (births per woman)",SP.DYN.TFRT.IN,6.358,6.298,6.231,6.155,6.071,5.977,5.87,5.748,5.614,5.469,5.321,5.174,5.035,4.906,4.791,4.686,4.589,4.494,4.397,4.298,4.2,4.104,4.014,3.933,3.861,3.794,3.73,3.665,3.597,3.524,3.448,3.37,3.292,3.218,3.147,3.082,3.022,2.967,2.915,2.867,2.822,2.779,2.739,2.701,2.664,2.629,2.595,2.562,2.53,2.5,2.471,2.444,2.417,2.39,2.365,2.34,2.317,2.294,2.272,2.25,2.23,2.211,2.211
257,383309,"Venezuela, RB",VEN,"GNI per capita, Atlas method (current US$)",NY.GNP.PCAP.CD,,,950.0,990.0,950.0,890.0,820.0,840.0,900.0,910.0,990.0,1020.0,1120.0,1340.0,1720.0,2140.0,2480.0,2600.0,2790.0,3180.0,3600.0,4090.0,4030.0,3770.0,3630.0,3500.0,3590.0,3340.0,3380.0,2550.0,2650.0,2680.0,2850.0,2830.0,2720.0,3020.0,3080.0,3440.0,3390.0,3540.0,4080.0,4560.0,3950.0,3460.0,4070.0,4930.0,6070.0,7550.0,9300.0,10270.0,11690.0,11890.0,12660.0,11950.0,13010.0,13010.0,13010.0,13010.0,13010.0,13010.0,13010.0,13010.0,13010.0
260,383511,"Venezuela, RB",VEN,"Life expectancy at birth, total (years)",SP.DYN.LE00.IN,58.647,59.407,59.529,60.152,60.609,61.248,61.801,62.348,62.928,63.224,64.299,64.933,65.42,65.936,66.526,67.075,67.554,67.957,68.313,68.587,68.762,69.442,69.723,70.197,70.441,70.596,71.037,71.047,71.252,71.348,71.532,71.832,71.806,71.925,71.853,72.143,72.111,72.703,72.668,72.254,72.478,71.201,72.662,71.94,72.514,72.782,72.742,73.058,72.436,72.579,72.89,72.913,73.036,73.196,72.853,73.006,72.058,71.943,71.979,72.161,71.095,70.554,70.554
262,383610,"Venezuela, RB",VEN,"Mortality rate, under-5 (per 1,000 live births)",SH.DYN.MORT,79.5,76.9,74.7,72.8,71.2,69.8,68.4,67.1,65.8,64.3,62.7,60.9,59.0,57.1,55.3,53.6,51.7,49.9,48.0,46.0,44.1,42.3,40.6,39.0,37.6,36.3,34.9,33.6,32.3,30.9,29.6,28.6,27.8,27.2,26.8,26.3,25.5,24.5,23.4,22.4,21.5,20.9,20.3,19.8,19.1,18.5,17.9,17.5,17.2,17.1,17.1,17.2,17.3,17.6,18.0,19.1,24.2,24.2,24.2,24.2,24.2,24.2,24.2
